﻿<?xml version="1.0" encoding="utf-8" ?>
<root>
  <item>
    <q>Lorem ipsum dolor sit amet, consectetur adipiscing elit?</q>
    <a>
      Sed do eiusmod tempor incididunt ut labore et dolore magna aliqua. Ut enim ad minim veniam, 
      quis nostrud exercitation ullamco laboris nisi ut aliquip ex ea commodo consequat.
    </a>
  </item>
  <item>
    <q>Nunc fermentum arcu vitae quam sagittis condimentum?</q>
    <a>Duis aute irure dolor in reprehenderit in voluptate velit esse cillum dolore eu fugiat nulla pariatur.</a>
  </item>
  <item>
    <q>Nullam nec orci lectus, at porta nisl?</q>
    <a>Excepteur sint occaecat cupidatat non proident, sunt in culpa qui officia deserunt mollit anim id est laborum.</a>
  </item>
</root>
